<bot schemaname="crfa1_openai">
  <authenticationmode>1</authenticationmode>
  <authenticationtrigger>0</authenticationtrigger>
  <iscustomizable>0</iscustomizable>
  <language>1033</language>
  <name>openai</name>
  <runtimeprovider>0</runtimeprovider>
  <synchronizationstatus>{
  "contentVersion": 2,
  "lastFinishedPublishOperation": {
    "userId": "1dfbcdc6-0c17-466c-af61-9b52edef28df",
    "operationStart": "2023-02-04T00:51:29.6682243Z",
    "operationEnd": "2023-02-04T00:51:41.1066111Z",
    "status": "Succeeded"
  },
  "lastPublishedOnUtc": "2023-02-04T00:51:39Z"
}</synchronizationstatus>
  <template>default-2.0.0</template>
  <timezoneruleversionnumber>4</timezoneruleversionnumber>
</bot>