{
  "properties": {
    "connectionReferences": {},
    "definition": {
      "$schema": "https://schema.management.azure.com/providers/Microsoft.Logic/schemas/2016-06-01/workflowdefinition.json#",
      "contentVersion": "1.0.0.0",
      "parameters": {
        "$authentication": {
          "defaultValue": {},
          "type": "SecureObject"
        }
      },
      "triggers": {
        "manual": {
          "metadata": {
            "operationMetadataId": "02cfe308-eb24-4828-acae-a68fc8d65db4"
          },
          "type": "Request",
          "kind": "VirtualAgent",
          "inputs": {
            "schema": {
              "type": "object",
              "properties": {
                "text": {
                  "title": "userQuery",
                  "type": "string",
                  "x-ms-dynamically-added": true,
                  "description": "User question",
                  "x-ms-content-hint": "TEXT"
                }
              },
              "required": [
                "text"
              ]
            }
          }
        }
      },
      "actions": {
        "Return_value(s)_to_Power_Virtual_Agents": {
          "runAfter": {
            "Initialize_variable": [
              "Succeeded"
            ]
          },
          "metadata": {
            "operationMetadataId": "c2537295-4990-4b77-80c6-bf2e1050b2ed"
          },
          "type": "Response",
          "kind": "VirtualAgent",
          "inputs": {
            "statusCode": 200,
            "body": {
              "useranswer": "@variables('userAnswer')"
            },
            "schema": {
              "type": "object",
              "properties": {
                "useranswer": {
                  "title": "userAnswer",
                  "x-ms-dynamically-added": true,
                  "type": "string"
                }
              }
            }
          }
        },
        "Call_Cognitive_Search": {
          "runAfter": {},
          "metadata": {
            "operationMetadataId": "970fa877-b965-4db7-9123-a95c3e772c5b"
          },
          "type": "Http",
          "inputs": {
            "method": "POST",
            "uri": "https://dataaiopenai.azurewebsites.net/Language/Search?code=fJiAev1cCR5FXFmAbFpLtl8ySv1bXKU5Q9mfYcMN6o_dAzFuoDCg5A==&userQuery=@{triggerBody()['text']} &totalDocs=3&modelName=davinci002&modelType=CognitiveSearch&contentField=article"
          }
        },
        "Call_OpenAI_Summarizer": {
          "runAfter": {
            "Call_Cognitive_Search": [
              "Succeeded"
            ]
          },
          "metadata": {
            "operationMetadataId": "bd2d82ad-6d38-4d74-9c90-71de38241a53"
          },
          "type": "Http",
          "inputs": {
            "method": "POST",
            "uri": "https://dataaiopenai.azurewebsites.net/Language/Summarizer?code=PE33TvDoA6H42NoQLSK1o8rj4dA23KTdA4lBzQMQSQrJAzFukn-xQw==&userQuery=@{triggerBody()['text']}&totalDocs=3&modelName=davinci002&modelType=OpenAI",
            "body": "@body('Call_Cognitive_Search')"
          }
        },
        "Parse_Summary": {
          "runAfter": {
            "Call_OpenAI_Summarizer": [
              "Succeeded"
            ]
          },
          "metadata": {
            "operationMetadataId": "7b711cde-7c01-4735-a85d-b5731e2d0179"
          },
          "type": "ParseJson",
          "inputs": {
            "content": "@body('Call_OpenAI_Summarizer')",
            "schema": {
              "type": "object",
              "properties": {
                "values": {
                  "type": "array",
                  "items": {
                    "type": "object",
                    "properties": {
                      "recordId": {
                        "type": "integer"
                      },
                      "data": {
                        "type": "object",
                        "properties": {
                          "text": {
                            "type": "string"
                          }
                        }
                      }
                    },
                    "required": [
                      "recordId",
                      "data"
                    ]
                  }
                }
              }
            }
          }
        },
        "Initialize_variable": {
          "runAfter": {
            "Parse_Summary": [
              "Succeeded"
            ]
          },
          "metadata": {
            "operationMetadataId": "c144ae15-25de-4591-b994-2be226ff52ce"
          },
          "type": "InitializeVariable",
          "inputs": {
            "variables": [
              {
                "name": "userAnswer",
                "type": "string",
                "value": "@{first(body('Parse_Summary')?['values'])['data']?['text']}"
              }
            ]
          }
        }
      },
      "outputs": {}
    },
    "templateName": "c9cd2c4e691a4646adc8aa592c88489b"
  },
  "schemaVersion": "1.0.0.0"
}